brand,total_tweets,inbound_tweets,outbound_tweets,unique_customers,unique_support_accounts,conversation_links,conversation_count,complete_conversations,multi_turn_conversations,avg_conversation_length,response_rate,quality_score
AmazonHelp,373494,203654,169840,73457,1,292200,82570,82534,51244,4.53,0.9996,0.9375
AppleSupport,238848,131988,106860,79604,1,158799,80808,80702,28140,2.96,0.9987,0.8089
Uber_Support,128443,72173,56270,39870,1,86792,41932,41923,15088,3.07,0.9998,0.5321
SpotifyCares,91813,48548,43265,28304,1,63685,28284,28277,10500,3.25,0.9998,0.4392
AmericanAir,86952,50188,36764,23307,1,61504,26463,26385,11577,3.32,0.9971,0.4303
Delta,87980,45727,42253,23672,1,62454,26369,26164,11146,3.36,0.9922,0.4271
comcastcares,72661,39630,33031,23453,1,49140,24086,24061,8793,3.04,0.999,0.4046
TMobileHelp,81480,47163,34317,21639,1,60103,22793,22789,8620,3.63,0.9998,0.4021
Tesco,73363,34790,38573,17216,1,57217,16866,16721,11629,4.39,0.9914,0.3914
SouthwestAir,64469,35492,28977,20798,1,43293,21709,21634,7231,2.99,0.9965,0.3823
VirginTrains,65687,37870,27817,13460,1,51096,14863,14848,9184,4.43,0.999,0.3688
British_Airways,60599,31238,29361,14932,1,44366,16475,16450,8829,3.69,0.9985,0.3682
Ask_Spectrum,59212,33352,25860,18778,1,41325,18578,18529,6559,3.22,0.9974,0.3658
XboxSupport,57032,32475,24557,15232,1,44380,13484,13434,8395,4.29,0.9963,0.3592
sprintcare,52621,30240,22381,14759,1,40639,13569,13555,6382,3.99,0.999,0.3469
hulu_support,48700,26828,21872,14302,1,34400,14962,14952,5897,3.3,0.9993,0.343
UPSHelp,43614,25797,17817,15723,1,29166,15555,15522,5349,2.87,0.9979,0.34
ATVIAssist,48406,30756,17650,16964,1,37607,11223,11096,5461,4.35,0.9887,0.3362
GWRHelp,46669,27305,19364,8158,1,36200,10742,10728,6949,4.37,0.9987,0.3331
ChipotleTweets,41833,23084,18749,15151,1,27487,14392,14392,4870,2.91,1.0,0.3329
AskPlayStation,43078,23980,19098,12954,1,30657,12547,12533,5727,3.44,0.9989,0.3315
sainsburys,43255,23789,19466,11447,1,32924,10978,10934,6231,4.0,0.996,0.3303
VerizonSupport,44689,26723,17966,9290,1,37684,8476,8446,5616,5.44,0.9965,0.3286
O2,36467,20255,16212,9301,1,27076,9525,9520,4431,3.84,0.9995,0.312
idea_cares,34775,19051,15724,6263,1,27344,7524,7521,4890,4.63,0.9996,0.3098
Safaricom_Care,33728,17651,16077,7282,1,24420,9338,9337,4960,3.61,0.9999,0.309
AskTarget,30585,17367,13218,11212,1,19521,11149,11149,3782,2.75,1.0,0.3073
SW_Help,28556,16325,12231,5042,1,22607,6229,6221,4255,4.62,0.9987,0.2994
ArgosHelpers,28270,16096,12174,7154,1,20831,7555,7553,4137,3.75,0.9997,0.2986
AskLyft,27120,15311,11809,9948,1,17113,10177,10169,3026,2.68,0.9992,0.297
AskPayPal,26858,15560,11298,10050,1,17608,9596,9587,3042,2.83,0.9991,0.2962
MicrosoftHelps,24443,13139,11304,4269,1,20139,4482,4458,3618,5.49,0.9946,0.2957
marksandspencer,25816,14312,11504,8277,1,18038,7991,7975,3500,3.25,0.998,0.2934
BofA_Help,24755,12072,12683,6607,1,18368,6582,6581,3897,3.78,0.9998,0.293
AirAsiaSupport,26984,14155,12829,6497,1,20266,6762,6761,3268,3.99,0.9999,0.2927
AskAmex,20823,9465,11358,4069,1,16615,4300,4300,3385,4.86,1.0,0.2885
Morrisons,21205,11079,10126,5837,1,15439,5978,5958,3199,3.58,0.9967,0.2833
AdobeCare,20992,11075,9917,4893,1,15938,5094,5094,2693,4.12,1.0,0.2821
AskeBay,21013,11327,9686,5109,1,15549,5665,5662,2812,3.74,0.9995,0.2814
AirbnbHelp,20055,11180,8875,5671,1,14094,6033,6033,2324,3.33,1.0,0.2773
airtel_care,18189,8308,9881,2923,1,14238,4024,4022,2130,4.53,0.9995,0.2763
CoxHelp,17888,10027,7861,4887,1,13422,4877,4874,2275,3.75,0.9994,0.2753
ChaseSupport,18871,10060,8811,6926,1,12256,6888,6887,1997,2.77,0.9999,0.2753
McDonalds,19555,11077,8478,9291,1,11564,8211,8132,1385,2.41,0.9904,0.2751
AldiUK,18817,10703,8114,6890,1,12427,6671,6631,2142,2.86,0.994,0.2746
LondonMidland,16201,9379,6822,3272,1,12676,3709,3673,2400,4.41,0.9903,0.2736
JetBlue,17880,9860,8020,4912,1,12804,5247,5181,2669,3.44,0.9874,0.273
GloCare,14905,8597,6308,2474,1,11764,3225,3219,1838,4.64,0.9981,0.2717
AzureSupport,14728,7163,7565,2872,1,11442,3309,3297,2068,4.45,0.9964,0.2715
AlaskaAir,16866,9388,7478,4987,1,11361,5654,5629,2021,3.01,0.9956,0.2692
Ask_WellsFargo,16582,9004,7578,5927,1,10678,6038,6036,1726,2.76,0.9997,0.269
DellCares,9966,4630,5336,1890,1,8040,1996,1985,1525,5.02,0.9945,0.2673
HPSupport,12547,5347,7200,3779,1,8718,3843,3841,2358,3.27,0.9995,0.2651
NikeSupport,7781,4313,3468,1517,1,6244,1564,1563,986,4.99,0.9994,0.2631
DropboxSupport,11592,5638,5954,3297,1,8458,3178,3178,1710,3.66,1.0,0.2626
nationalrailenq,10081,5637,4444,2358,1,8060,2324,2259,1575,4.46,0.972,0.2592
GreggsOfficial,10903,6381,4522,3646,1,7602,3348,3344,1574,3.26,0.9988,0.2588
VirginAtlantic,10288,5970,4318,2563,1,7601,2788,2770,1592,3.72,0.9935,0.2586
USCellularCares,2714,1537,1177,574,1,2229,541,541,319,5.11,1.0,0.2557
CenturyLinkHelp,9528,5727,3801,3203,1,6905,2990,2988,1225,3.3,0.9993,0.2555
NortonSupport,4224,2213,2011,881,1,3354,899,899,480,4.71,1.0,0.2544
AskTigogh,1637,922,715,311,1,1315,322,322,201,5.08,1.0,0.2535
AskCiti,7921,3840,4081,2257,1,5629,2330,2327,1250,3.41,0.9987,0.2526
AskVirginMoney,1928,1014,914,371,1,1534,396,396,259,4.87,1.0,0.2521
TacoBellTeam,8995,4913,4082,3166,1,5896,3111,3110,1171,2.89,0.9997,0.2517
AsurionCares,4472,2574,1898,1040,1,3553,1076,1074,553,4.3,0.9981,0.2512
AskPapaJohns,8926,5018,3908,3361,1,5787,3153,3153,1052,2.83,1.0,0.251
OfficeSupport,535,317,218,118,1,452,113,113,92,4.96,1.0,0.2507
VMUcare,3246,1865,1381,901,1,2555,729,727,384,4.5,0.9973,0.2505
OPPOCareIN,2026,1147,879,454,1,1577,451,450,292,4.49,0.9978,0.2484
Postmates_Help,7768,4422,3346,2944,1,4786,3010,3010,841,2.59,1.0,0.2465
YahooCare,2175,1269,906,658,1,1643,538,538,339,4.05,1.0,0.2453
IHGService,5466,2823,2643,1670,1,3729,1746,1746,870,3.13,1.0,0.245
TfL,5145,2902,2243,1657,1,3626,1576,1558,762,3.3,0.9886,0.2431
AskSeagate,1350,711,639,342,1,1022,346,346,187,3.95,1.0,0.2423
GoDaddyHelp,4489,2524,1965,1446,1,3046,1451,1451,611,3.1,1.0,0.242
MTNC_Care,1978,1194,784,418,1,1453,528,526,282,3.75,0.9962,0.2409
GooglePlayMusic,1936,1132,804,534,1,1401,544,542,302,3.57,0.9963,0.2394
KFC_UKI_Help,5061,2958,2103,2067,1,3051,2017,2017,602,2.51,1.0,0.2392
askpanera,4884,2731,2153,1994,1,2913,1978,1978,550,2.47,1.0,0.2383
ArbysCares,4203,2299,1904,1621,1,2651,1555,1555,524,2.7,1.0,0.2382
BoostCare,2187,1280,907,681,1,1577,674,673,247,3.34,0.9985,0.238
asksalesforce,1646,936,710,439,1,1163,486,486,242,3.39,1.0,0.2377
NeweggService,2480,1401,1079,807,1,1688,796,796,406,3.12,1.0,0.2376
sizehelpteam,3528,2046,1482,1233,1,2281,1251,1251,482,2.82,1.0,0.2374
SCsupport,2938,1609,1329,960,1,1958,980,980,398,3.0,1.0,0.2373
Walmart,6106,3463,2643,2713,1,3778,2455,2404,511,2.53,0.9792,0.2372
PandoraSupport,2297,1254,1043,852,1,1574,724,724,263,3.17,1.0,0.2371
mediatemplehelp,610,305,305,164,1,436,174,174,99,3.51,1.0,0.2365
TwitterSupport,3949,2659,1290,1647,1,2788,1249,1219,430,3.19,0.976,0.2364
KeyBank_Help,1233,678,555,349,1,866,374,374,187,3.31,1.0,0.236
DoorDash_Help,3823,2242,1581,1515,1,2329,1509,1509,460,2.54,1.0,0.2359
AskRBC,2425,1414,1011,865,1,1600,839,839,359,2.9,1.0,0.2354
PearsonSupport,1846,1005,841,612,1,1247,604,603,229,3.06,0.9983,0.2347
AWSSupport,2542,1507,1035,867,1,1644,906,904,416,2.81,0.9978,0.2346
Kimpton,2875,1536,1339,762,1,1823,1054,1054,332,2.73,1.0,0.2343
MOO,1425,795,630,521,1,948,478,478,183,2.98,1.0,0.2334
HiltonHelp,2027,1194,833,696,1,1318,717,716,236,2.83,0.9986,0.2331
askvisa,1407,698,709,500,1,937,474,473,225,2.97,0.9979,0.233
AskRobinhood,1027,595,432,423,1,674,353,353,126,2.91,1.0,0.2317
ask_progressive,1410,798,612,564,1,869,543,543,151,2.6,1.0,0.2297
DunkinDonuts,2883,1593,1290,1324,1,1631,1267,1258,226,2.29,0.9929,0.2296
VirginAmerica,6747,3932,2815,2149,1,4748,2307,2113,814,3.06,0.9159,0.2294
HotelTonightCX,338,186,152,124,1,215,123,123,39,2.75,1.0,0.2284
JackBox,593,327,266,255,1,360,233,233,66,2.55,1.0,0.2271
CarlsJr,454,258,196,200,1,291,167,165,57,2.72,0.988,0.226
AskDSC,449,239,210,198,1,252,198,198,34,2.27,1.0,0.224
ATT,8153,5363,2790,3301,1,6648,2453,2060,911,3.7,0.8398,0.2223
