example_id,conversation_id,created_at,customer_message,previous_turns,brand_response,candidate_intents,human_intent,human_escalate,human_reason,annotation_notes
gold_0067,conv_529201,Sat Dec 02 08:41:25 +0000 2017,"I subscribed to Amazon prime in july17 but after I signed out of the app and signed in again after sometime, it is asking me again to pay for it. I need help @116618 @8623 @AmazonHelp",,@242533 Please login to you Amazon account using the same credentials. If you are trying to log in using a different account your Prime membership will not show. If the problem still persists you can contact our customer service team here: https://t.co/vlvfJrlYEH. ^SI,"technical_issue, account_prime",account_prime,False,,
gold_0188,conv_2159264,Thu Nov 09 04:24:32 +0000 2017,"@115850 @AmazonHelp 
Your courier partners started wrong practice of updating status even before delivery. They marked my package delivered even though no courier boy has arrived in my society.",,@634243 Sorry to know about the delivery issue. Please connect with us here: https://t.co/00q4Sqj9zL and we'll check this. ^KA,order_tracking,order_tracking,False,,
gold_0102,conv_2504879,Wed Nov 15 21:21:42 +0000 2017,Thank you @116618 for the excellent customer service and giving us a full refund of £175 for the 33 films ordered by our 5 year old!! 🎬😳#parentalcontrolneeded #greatchoiceoffilmsthough @97294,,@714315 Thanks for sharing your awesome experience with us! So glad we were able to get this fixed for you! ^KP,refund_request,other_or_unclear,False,,
gold_0194,conv_93510,Thu Nov 30 15:50:39 +0000 2017,@115821 your customer service is the worst. You never shipped anything on time anymore and you make it impossible to get customer service support.,,"@136267 I'm sorry to hear this. Without posting account information, such as an order number or your e-mail address, would you tell us more about what happened? We want to help! ^GR",,delivery_delay,False,,
gold_0112,conv_1473745,Fri Nov 03 01:42:53 +0000 2017,"Thanks @AmazonHelp for putting me in an endless verification loop, fuck yourselves I want my 1.5 grand back nigs",,"@462112 I'm sorry for the poor experience! Without providing account/personal info, can you describe the current situation? ^AG",,technical_issue,False,,
gold_0122,conv_578393,Sun Dec 03 10:21:39 +0000 2017,I would really like if the @115830 app would give me notifications only when something I order is on its way.. a notification about their neverending cyber monday sale isn't really my cup of tea,,"@256156 Hi there, Chris. You can turn off these notifications by going into ""Settings"" and then ""notifications"". Hope this helps!^SM",technical_issue,other_or_unclear,False,,
gold_0014,conv_1623402,Tue Oct 31 06:14:20 +0000 2017,WTH guys! I've been trying to return a faulty product since 7th Oct but haven't gotten a response yet! Not acceptable! @115850,,@497289 We apologize for the inconvenience. Please share your details here: https://t.co/GIJyeYqKE0 and we'll check this. ^ZH,return_request,issue_with_received_item,True,,
gold_0003,conv_1215428,Wed Oct 25 17:08:39 +0000 2017,"Dear @115821, thank you for packing the bath towels I ordered in bubble wrap as it is very distressing to receive broken bath towels.",,"@405208 We're always looking for ways to improve; if you have a moment, we'd love to document your input: https://t.co/KU5PE7PLPQ ^WM",issue_with_received_item,other_or_unclear,False,,
gold_0065,conv_972501,Sun Oct 22 08:51:44 +0000 2017,"Dear @115821, if you listen and/or care, when you cancel my order, at least have the courtesy of showing it under “Cancelled Orders”. 😡",,"@152568 I'm very sorry for this experience. Which Amazon site was this order placed on:.com, co.uk, or a different one? ^DO",cancel_order,technical_issue,False,,
gold_0045,conv_549481,Sat Dec 02 18:19:08 +0000 2017,@25096 @AmazonHelp I'm having trouble getting The Best Show podcast on my Amazon Alexa. I tried asking w/ TuneIn &amp; enabled Anypod skill,,@247944 I'm sorry for the trouble with this! Are you receiving any kind of error message when you request the podcast? ^SB,technical_issue,technical_issue,False,,
gold_0137,conv_1754216,Tue Nov 07 18:44:36 +0000 2017,"Hey @119625 
Why aren't the latest episodes of #MrRobot Season 3  being streamed as the same day of the US telecast ?
Torrents FTW?",,"@528364 As soon as we get the license to telecast the series, you'd be able to stream it. Stay tuned! ^KK",delivery_delay,other_or_unclear,False,,
gold_0171,conv_1242822,Wed Oct 25 22:42:22 +0000 2017,@115830 how do I change the email address associated with an account when I no longer have access to that email account!,,"@411552 If you have access to your https://t.co/ykTUEmdsQA account, you can change your email address here: https://t.co/BC9LnJVhZX ^JP",account_prime,technical_issue,False,,
gold_0129,conv_2775864,Tue Nov 21 14:53:09 +0000 2017,"@AmazonHelp hey guys, having an issue with a refund? I sent the item back almost two weeks ago and there's been no update on it.",,"@775640 Hi there, please contact us here: https://t.co/hApLpMlfHN. We will be able to better assist you in checking on that refund, as we are not able to access your account via Twitter.
-RD","refund_request, order_tracking",refund_request,True,to check does the refund is processed or not ,
gold_0077,conv_16114,Wed Nov 01 03:25:59 +0000 2017,@115850 No speedy respnse frm the seller side..I asked 2 return my money but they are not ready 2 clr my issue i need my query to b solved,,"@119535 Sorry to know the seller hasn't responded to your query. Generally, the seller's respond with in 2 business days if this 1/n ^SH",return_request,refund_request,False,,
gold_0159,conv_2950681,Wed Nov 29 16:56:41 +0000 2017,@115850 @AmazonHelp Disgusted with Amazon for sending a torn book which they tried to patch up with sticker. I an not taking the trouble to go through the return process at all . Let's see what you do as a reaction to such substandard service https://t.co/Xl1x7wSfby,,"@814842 That's not cool! I'm sorry to learn that you've received a torn book. We never want you to experience this. While I understand; you prefer not to go through the return process, report this to our team here: https://t.co/T6y6Xlutbs for further assistance on this.^VN",return_request,issue_with_received_item,True,,
gold_0168,conv_282169,Fri Oct 06 09:41:34 +0000 2017,@115850 pl confirm when pickup( 69956579711) will done bcz it's showing reschedule but didn't get any update last 3-4 days,,@183218 This being a Social platform we cannot access your account. Please reach our support team here: https://t.co/vlvfJr4nN9^RB 1/2,order_tracking,delivery_delay,False,,
gold_0046,conv_2800414,Wed Nov 22 00:12:26 +0000 2017,"@AmazonHelp, please improve your Amazon delivery service.   Lots of issues with delivering to the wrong address, and giving false tracking information to cover up mistakes.  Thank you.",,"@372277 I'm sorry for any trouble! We're always looking for ways to improve our services! Please provide your feedback at the following link: https://t.co/wqhAXlnWET. If you have specific orders to be reviewed, please include those as well. Thank you! ^ST",order_tracking,technical_issue,True,,
gold_0131,conv_1460552,Thu Nov 02 21:19:42 +0000 2017,@AmazonHelp I am having a problem with my trade-in and instant credit. I am hoping you can help me.,,"@237261 Hello, Arthur. Thanks for reaching out to us. Without providing any personal details, can you give us more info on your issue? ^FJ",refund_request,other_or_unclear,False,,
gold_0031,conv_820133,Thu Oct 12 21:52:23 +0000 2017,My autographed @127390 book from @115821 was basically crushed in its package 😭🐢 sad https://t.co/Fgoi8UEMW8,,@315362 Oh no! I'm sorry your book arrived in this condition! Here's some options we have for your order: https://t.co/XAIYrRmSXm ^GM,,issue_with_received_item,True,,
gold_0004,conv_1429473,Mon Oct 16 18:18:56 +0000 2017,Qué bien pagar @116928 prime con envío en 24h para que @80 no te traiga el paquete que necesitas,,"@452015 Hola Miren, lamentamos lo sucedido. ¿Has intentado contactar al transportista para verificar el estatus de tu pedido? ^HC",,other_or_unclear,False,,
gold_0160,conv_2526991,Thu Nov 16 03:58:01 +0000 2017,@115821 You cheap out on tape and empty boxes get delivered. Not a good start to the season. https://t.co/OEFTAX8R5J,,@719516 I'm sorry your box arrived empty! Have you had a chance to contact our customer service to explore what options are available? We are always looking for ways to improve. Please help us out with your feedback here: https://t.co/6kxHKybDNW ^EA,missing_delivery,issue_with_received_item,True,,
gold_0016,conv_2855239,Mon Nov 27 20:13:45 +0000 2017,"Placed an order for OnePlus 5 on @115850 on 27June2017, was entitled for Rs.1500 cashback but never received it. Contacted @115850 Multiple times but never paid attention to my issue :(",,"@793327 I'm sorry about the delay in processing the cashback. Kindly share your details here: https://t.co/GIJyeYqKE0 and we'll look into this for you. Also, please don't provide your order details, we consider it to be personal. Our page is visible to the public. ^GD",missing_delivery,other_or_unclear,False,,
gold_0043,conv_1106489,Sun Oct 15 08:15:05 +0000 2017,"@119625
Is it possible to cancel the current prime membership and get a new membership for 499? My prime membership ends on Dec 31-17",,"@364446 Kindly reach out to our support team here: https://t.co/2t6DQoUmNZ, we'll look for the available options. 2/2^AP",account_prime,account_prime,False,,
gold_0127,conv_1706528,Tue Oct 17 17:25:23 +0000 2017,@AmazonHelp hello is this a scam because i haven’t ordered this and it’s not showing on my amazing account? https://t.co/pyZuWYZ87t,,@517184 Oh no! Please contact us here: https://t.co/JzP7hlA23B so we can look into this with you in real-time! ^AD,account_prime,technical_issue,True,,
gold_0187,conv_2557128,Thu Nov 16 16:37:41 +0000 2017,@AmazonHelp when prime delivers one package but tells me the other one couldn't access the front door https://t.co/PmiFIQR3D9,,"@361559 Sorry to hear about the missed delivery, please contact us so we can clarify the deliveries:  https://t.co/hApLpMlfHN  ^MI",,missing_delivery,True,,
gold_0163,conv_998252,Sat Oct 14 12:03:34 +0000 2017,"Yo @AmazonHelp, I have two packages that were 'delivered' on Weds but no sign. No red slip either. None of my neighbours have them either",,"@356376 Hey, sorry to hear that, contact us here:  https://t.co/JzP7hlA23B we can help ^AS",,technical_issue,False,,
gold_0048,conv_86158,Thu Nov 30 14:13:11 +0000 2017,"Paid for @115821 prime just to still not have my package here 5 Days later 🙃.

Patiently awaits tho bro,",,"@134807 I'm sorry for the long wait time! We're here to help any way we can. Just to clarify, have we missed the expected delivery date in your order confirmation e-mail? ^AL",delivery_delay,delivery_delay,True,,
gold_0111,conv_1604083,Sun Nov 05 08:16:00 +0000 2017,@AmazonHelp Who can I contact concerning a return that I’ve been charged for because the items I mailed back were not received yet?,,@492217 Hi. You can get in touch with us via this link: https://t.co/hApLpMlfHN We'll be happy to help. ^DC,"refund_request, return_request",other_or_unclear,False,,
gold_0006,conv_2680875,Tue Oct 31 15:46:03 +0000 2017,According to @115830 tracking these packages were handed to me. Real life says they were left on doorstep in rain. Fucking useless. https://t.co/1MHSHZ9OFO,,"@754218 Truly sorry to see this occur! Please, reach out so that we may leave carrier feedback on your behalf: https://t.co/JzP7hlA23B ^JE",order_tracking,other_or_unclear,False,,
gold_0195,conv_382209,Fri Oct 27 09:56:26 +0000 2017,1)@115850 @AmazonHelp... Dear Amazon are we paying to get defective or already used product 🙄🙄😥.. Received 3rd defective product in row!!,,@206627 further. Request you to fill in your details here: https://t.co/beaaDm0muc and we'll look into the issue. (2/2)^SF,issue_with_received_item,issue_with_received_item,True,,
gold_0038,conv_1311563,Fri Oct 27 05:53:24 +0000 2017,"@AmazonHelp — to cancel my order or just order another one. Good job, amazon. I pay every month for Prime, only to be on the receiving end -",,@426479 I'm sorry to hear this is not arriving as expected. Have you tried to place a new order? Is a sooner date provided? ^RR,cancel_order,other_or_unclear,False,,
gold_0123,conv_2798343,Tue Nov 21 22:59:11 +0000 2017,How disgusting @115821 @AmazonHelp charges £3.99 to return items even if you drop it off!!! &amp; when I’m a prime member too! Poor,,@264611 I'm truly sorry! We value you as a Prime member and want to help. Is the item you returned sold/fulfilled by Amazon or a third-party seller? ^SH,return_request,other_or_unclear,False,,
gold_0013,conv_2474866,Wed Nov 15 13:02:32 +0000 2017,@115821 i took your survey for the gift card and i’m really hoping it was fake cause in the end where you get a prize. how is it a prize if i have to pay for it and how is sex enhance and antiaging cream or even brain development a prize for a 19yr? who was your target audience?,,"@707545 Hey Shelby this sounds like spam or a pop up from your browser. Best to run an anti virus, to ensure your system is protected. Keep us posted ^BD",gift_card_promotion,gift_card_promotion,False,,
gold_0037,conv_2116192,Wed Nov 08 13:30:05 +0000 2017,I let my friend use my amazon prime account &amp;last night at 1130 at night I get an email that my order has been placed. Forgetting I gave him access I look to see what it was... he ordered a glow in the dark alien bobble head.... wtf 😅,,@623802 Hi Becca! I'm sure your friend will be delighted with the bobble head! 😂 Would you like to go ahead with the order? ^CN,account_prime,other_or_unclear,False,,
gold_0154,conv_2835714,Mon Nov 27 14:29:24 +0000 2017,cadê meu pacoteeeeee @117086,,"@559664 Olá Dani, qual é a data estimada de entrega do seu pedido? ^DA",,order_tracking,False,,
gold_0070,conv_98572,Thu Nov 30 16:52:05 +0000 2017,"@115821 I have 2 packages 2 Days late I can’t log in into my account to track them it keeps telling me incorrect password even if restart my password!  
#113-1965971-6223429 that’s my confirmation order",,"@137571 Hello! I'm so sorry about this! Unfortunately we do not have access to your account via Twitter. Please reach out to us here: https://t.co/jzvkhdlrK5, and we'll be more than happy to assist!

- Jessica A.","delivery_delay, account_prime, order_tracking",technical_issue,False,,
gold_0062,conv_1388420,Sat Oct 28 10:11:32 +0000 2017,@115850 didn't receive the charger with the bolt fitness tracker band,,@122919 Did you report this to our customer service team here: https://t.co/vlvfJr4nN9. ^SI,"order_tracking, missing_delivery",issue_with_received_item,True,,
gold_0196,conv_124799,Thu Nov 23 18:47:12 +0000 2017,@AmazonHelp very strange got a delivery confirmation for 936128__credit_card__ @123967 &amp; never arrived/received it?!,,"@143957 I'm so sorry you haven't received your order, despite the delivery confirmation. When you contacted us last, what information or options were we able to provide? ^JN",refund_request,missing_delivery,True,,
gold_0033,conv_1892127,Tue Nov 14 23:27:40 +0000 2017,"So, every time I look at a kindle book on my @117634 or the @115821 app, it offers to send me a sample, but doesn't let me actually BUY the book. It's insanely frustrating.",,"@189069 Oh no! Here's some information that may help out: https://t.co/tDtix9JPwq  
Please let us know if you have any other questions! ^SA",technical_issue,other_or_unclear,False,,
gold_0173,conv_1719213,Sun Nov 26 05:24:49 +0000 2017,Even amazon don't know where is my order 402-2171418-4409164. @115850 @115851 @120319 @21602,,"@520462 I understand your concern regarding the order. Please share your details here: https://t.co/GIJyeYqKE0 and we will get in touch with you. Also, please don’t provide order details as we consider them to be personal info. Our Twitter page is visible to public. ^BS",order_tracking,order_tracking,False,,
gold_0172,conv_1730184,Tue Nov 07 11:17:51 +0000 2017,.@115830 @AmazonHelp Can I buy gift cards for other countries from the UK? Want 1 for amazon.ca as the last giftcard was limited to UK?,,"@337529 Hey, GCs are site specific if you login to https://t.co/ykTUEmdsQA you can purchase for the UK, same with .ca for .ca ^AS",gift_card_promotion,gift_card_promotion,False,,
gold_0061,conv_2570923,Mon Oct 30 17:14:30 +0000 2017,I have an email from @amazonhelp saying my delivery was due to be re-attempted today - my account says it was left by the door yesterday?,,"@729082 That's odd, Milly! Just to confirm, did you receive the delivery yesterday? We'd like to make sure this gets resolved! ^ML",account_prime,technical_issue,False,,
gold_0011,conv_2850594,Mon Nov 27 19:38:50 +0000 2017,"@115830  I received a parcel today but when I opened it, it was empty. Do I really have to take an empty box to an Amazon locker? Or can I get the item somehow?",,"@597006 I'm sorry you didn't receive your item, Emma! We'd like to help further in real-time. When you can, please reach out to us here: https://t.co/JzP7hlA23B ^HM",missing_delivery,issue_with_received_item,True,,
gold_0145,conv_989023,Sat Oct 14 10:57:06 +0000 2017,"@115850 

Order: 403-0677730-9951511, tracking  says 'unable to contact recipient', there was no #call. PlzCheck.
Birthday. Need delivery.",,"@354329 Additionally, don’t provide your order detail as its personal information. Our Twitter page is visible to public.(2/2)^RS",order_tracking,other_or_unclear,False,,
gold_0161,conv_1937577,Sun Nov 12 03:03:17 +0000 2017,@AmazonHelp @115821 Who should I contact for help with packages I believe to have been stolen?,,"@576392 We'd like to look into this for you. At your earliest convenience, please contact us here: https://t.co/hApLpMlfHN

- Liz I",missing_delivery,other_or_unclear,False,,
gold_0053,conv_2545397,Thu Nov 16 05:55:49 +0000 2017,@AmazonHelp terrible experience from such a big company. Ordered another pendrive which reached bhopal but returned undelivered . After calling confirmed that caused quality issue returned. I will mever purchase anything from amazon https://t.co/H7YelGhoaY,,@532628 I'm sorry the order wasn't delivered. Kindly share your details here: https://t.co/beaaDm0muc we'll look into it and reach out to you soon. ^AP,return_request,missing_delivery,True,,
gold_0126,conv_2302241,Sun Nov 12 18:32:31 +0000 2017,@AmazonHelp I just ordered something and didn't receive free delivery however I'm on an amazon Prime trial so surely should have?,,@668110 Sorry for the order issues! Was the item eligible for Prime? Only Prime-eligible items will include free delivery. Items from third-party merchants may have shipping charges. ^WT,missing_delivery,account_prime,False,,
gold_0107,conv_179063,Wed Oct 04 10:03:13 +0000 2017,Hi @amazonhelp how do I get a refund on item which hasn't arrived in a group parcel ?,,@158226 Hi Wendy-Sorry to hear you're missing an item. Was the order broken into separate shipments perhaps? Who was the order sold by?^NV,"refund_request, delivery_delay",return_request,False,,
gold_0074,conv_1024221,Sat Oct 14 16:39:38 +0000 2017,"@118919   when will you provide NOKIA 6 in 64gb on your website 
Amazon.in
?",,@362390 Please stay tuned to our website for the update. ^HN,technical_issue,other_or_unclear,False,,
gold_0114,conv_461319,Fri Dec 01 02:02:10 +0000 2017,Thanks for nothing @115821 @AmazonHelp does @115851 have a workin NFL stream? Lame https://t.co/KeauyIwnyr,,"@224608 Hey, Richie! What device are you using to stream? ^LA",,other_or_unclear,False,,
gold_0106,conv_1291746,Tue Oct 17 18:21:39 +0000 2017,@AmazonHelp Why is my account blocked ?,,@422090 Did you receive an e-mail about that issue ^ME,account_prime,other_or_unclear,False,,
gold_0096,conv_597908,Sun Dec 03 19:50:07 +0000 2017,@115850 my refund is pending for order number 408-9267057-1883543  .   #9572776786,,@261756 Sorry about the problem you've had with the refund of your order. I'd like to take a closer look into this. Please share your details here : https://t.co/GIJyeY99fq and we'll reach out to you soon. (1/2) ^AS,refund_request,refund_request,False,,
gold_0104,conv_2790516,Tue Nov 21 20:10:38 +0000 2017,"@AmazonHelp My parcel was supposed to be delivered today and come before 8, where is it? Has just said out for delivery for the entire day 🙄",,@778840 I'm sorry your parcel hasn't arrived yet! Deliveries can be made up until 21:00. Have you received any notifications that your order has been delayed? ^VS,,missing_delivery,False,,
gold_0146,conv_1001032,Sat Oct 14 12:18:17 +0000 2017,Desperate to go out but waiting in for a delivery from @115830 as I can’t track my order &amp; time my outing accordingly. Poor.,,"@356989 We can deliver up to 9pm, normally sooner! You can nominate a 'safe place' if you're out: https://t.co/xCYAzCHfeU ^RL",order_tracking,order_tracking,False,,
gold_0044,conv_417823,Tue Oct 10 03:35:02 +0000 2017,@115821 why cant i buy @119038 bits with the 10 dollar gift card i have in my accout?,,"@214693 We're here to help! What account do you have the gift card on, Twitch or Amazon? ^KB",gift_card_promotion,gift_card_promotion,False,,
gold_0001,conv_374182,Mon Oct 09 00:27:52 +0000 2017,@115821 My #alexa just lost internet connection in the middle of a news report. So I couldn’t stop the playback. And no stop button either!,,"@204715 I'm sorry for the trouble! Please make sure to submit feedback, as outlined here: https://t.co/cmaaiMCHRM ^ST",technical_issue,other_or_unclear,False,,
gold_0162,conv_415699,Tue Oct 10 01:48:31 +0000 2017,"Hey @115821, I’m getting tired of delayed packages. Work on it. K, thanks.",,@214139 I'm sorry for the poor delivery experiences. Is this in regard to one of your current orders: https://t.co/3kQwjObgTc? ^GM,delivery_delay,delivery_delay,True,,
gold_0193,conv_685644,Thu Nov 23 13:19:19 +0000 2017,@AmazonHelp How many devices can use one Kindle account to view books? I can't find anything in your help pages but we've had some error messages about exceeding limits. Can you point me in the right direction? Thanks :),,"@173120 Hi there! As of right now, you can only share between two adults. This link explains about the Family Library and sharing across devices: https://t.co/vrJv5QSmp7  ^SP","technical_issue, account_prime",other_or_unclear,False,,
gold_0017,conv_2149564,Wed Nov 08 23:49:06 +0000 2017,"@115830 Nice throw, definitely a safe place, shame it’s smashed to bits...... https://t.co/bciP9Ces36",,@631763 I'm so sorry your package was delivered like this. Please provide us with more information here: https://t.co/iBvZ3ZOjNS. ^LH,issue_with_received_item,issue_with_received_item,False,,
gold_0081,conv_2810732,Wed Nov 22 06:41:26 +0000 2017,"@115821 so you want to pick and choose which product reviews you approve to be posted, and don’t post the ones that criticize your service or packaging.  Shame on you!",,"@783720 Hi, were you notified that your review was not approved? ^BZ",technical_issue,technical_issue,False,,
gold_0103,conv_2810299,Wed Nov 22 06:40:47 +0000 2017,@115821 Could you please cancel my order! I ordered it on accident and did not want to spend 35 EUR on a flimsy alarm clock )-:,,"@783726 I'm sorry for the unexpected order. Which of our sites was this order placed on? (i.e. .com, .co.uk, .de) ^CL",cancel_order,cancel_order,False,,
gold_0039,conv_158621,Fri Nov 24 17:50:53 +0000 2017,@AmazonHelp help pleaseeee amazon website wont recognize my phone number I just made an account yesterday,,@152470 I'm sorry for the trouble you're having accessing your account; we'd love to help! Have you reviewed these troubleshooting steps yet: https://t.co/D1B6vv3V1x? ^WM,"technical_issue, account_prime",technical_issue,False,,
gold_0157,conv_2431115,Tue Nov 14 14:25:32 +0000 2017,yo actualizando amazon cada cinco minutos esperando a que me envien Oathbringer para empezar el tracking a pesar de que no es realista que me llegue esta semana https://t.co/V1fGvxq7mk,,"@697862 Hola, Andru. Dime, ¿cuál es la fecha de entrega indicada en el correo electrónico de confirmación del pedido? ^CR",order_tracking,order_tracking,False,,
gold_0177,conv_2497433,Mon Oct 30 02:41:22 +0000 2017,@AmazonHelp @115850 How do you claim the 10.or E 1+1 year extended warranty?,,@712662 You may refer to the link here: https://t.co/jyH8zK1w4j on more details to claim 1 year extended warranty. ^PS,,other_or_unclear,False,,
gold_0136,conv_2422748,Tue Nov 14 18:14:15 +0000 2017,"@AmazonHelp damn I finally get amazon prime and both of the first two packages I order are days late and I really needed them smh ""2 Day Shipping"" my ass",,"@695832 I'm sorry to hear of the delays, Jon! We're here to help! Are both packages shipping with the same carrier? If unsure, please see here: https://t.co/Y5jpI9gRhE ^CS",delivery_delay,delivery_delay,False,,
gold_0079,conv_483067,Fri Dec 01 14:12:10 +0000 2017,"Ah la bravo @120533, mon colis Prime qui devait partir Hier (selon votre site) n'est parti que ce midi, et passe la livraison à demain avant 20h",,"@229896 Bonjour, quelle est la date de livraison indiquée dans l'e-mail de confirmation de votre commande s'il vous plaît ? ^MA",,delivery_delay,False,,
gold_0116,conv_910256,Fri Oct 13 19:41:54 +0000 2017,@AmazonHelp I preordered an Xbox One X Project Scorpio edition. Will it deliver on the 11/7 release date or later?,,"@336213 Hi there, Bobby! Can you tell me if Release Date Delivery was selected for this order? What was the delivery date given? ^FR",delivery_delay,order_tracking,False,,
gold_0020,conv_922253,Fri Oct 13 17:56:13 +0000 2017,"@115850 one of my order is pending for delivery &amp; status falsely mentioned as ' attempted'
Will cancel the order if I dnt get it tomorrow https://t.co/jyk3NHMDqf",,"@164130 I'm sorry to know your order isn't delivered yet. Kindly fill in your details here: https://t.co/GIJyeYqKE0, I'll look into it. ^NR",order_tracking,cancel_order,False,,
gold_0015,conv_338902,Sat Oct 07 22:58:17 +0000 2017,Hey @115850 why do you make it so hard to cancel orders? on purpose? And why isn't the customer care chat option more handy? Thumbs down!,,@196911 I couldn't comprehend your concern. Could you elaborate the issue so that we can assist you accordingly? ^SQ,cancel_order,cancel_order,False,,
gold_0178,conv_424068,Tue Oct 10 11:12:24 +0000 2017,"Irresponsible cust support and delivery team of @115850 .
Repeated reschedules for the return of faulty electronic product.",,@215951 I'm sorry you've an issue with the return of your order. We don't have access to your Amazon account over Twitter^SU(1/2),return_request,return_request,False,,
gold_0147,conv_719870,Wed Oct 11 01:23:29 +0000 2017,@115833 instead of microphone in Echo - I think it should be a picture of Alexa’s Ear . Alexa talks and listens to us .,,@292286 We always appreciate feedback! Alexa-specific feedback can be submitted through the Alexa app: https://t.co/g2A4Bxnulv ^MV,technical_issue,other_or_unclear,False,,
gold_0180,conv_123390,Fri Nov 24 00:51:16 +0000 2017,@115821 now this is a scam. $500+ for a 2 year old gopro....its not even a black. It's a silver... https://t.co/np5zPxTu6i,,"@143568 Sellers on our website are allowed to sell items at any price they feel is fair. However, we do have rules sellers must follow as you can see here: https://t.co/K5Sn6Fd1J4 ^NN",,other_or_unclear,False,,
gold_0066,conv_685611,Thu Nov 23 13:19:59 +0000 2017,@115850 even though i have bought amazon prime. it shows me that i dont have it and charged for fast delivery. can you please look into it?,,@283665 We can't view your account over Twitter. Allow our support team to investigate this. You can report this here: https://t.co/R3EfhzgU8B ^CB.,refund_request,account_prime,False,,
gold_0085,conv_2281522,Sat Nov 11 20:52:47 +0000 2017,@AmazonHelp despite good customer service at your level your delivery company is the rudest most ignorant bunch I've ever encountered. Twice you have sent me a parcel thru them. Twice they say it was delivered and it has not been. It wasn't stolen as they suggest. No more Amazon,,@663182 Oh no! I am sorry for the trouble you are having. We would love to assist you in real time. Please contact us here: https://t.co/vaBCwZCv2A. ^LM,missing_delivery,missing_delivery,True,,
gold_0166,conv_183675,Wed Oct 04 12:26:35 +0000 2017,Hey @115830 I've been waiting for you to collect my return for days now and I can't find a way to contact anyone about it! Help!?,,@159191 I'm sorry for the delay in picking up your return. You can contact us through this link:  https://t.co/JzP7hlA23B ^EM,return_request,return_request,False,,
gold_0047,conv_1048799,Mon Oct 23 07:09:37 +0000 2017,"@115850  pathetic service , order placed on 9th October , still not delivered! Asked me to take refund instead of delivering it! 🙄😏",,@367868 here: https://t.co/beaaDm0muc we'll get back to you soon. 2/2 ^AP,refund_request,delivery_delay,False,,
gold_0105,conv_523442,Sat Dec 02 04:44:36 +0000 2017,"#AmazonEcho  has a long way to go but a decent start. Few things has become a routine now : Playing music, Business/Tech news, Weather updates, Reminders, Booking Uber etc. #Amazon #AI #Technology #gadgets #Uber #saavn #ET https://t.co/oezNoUrXFo",,"@240952 Well that's true! By the way if I could know, what's your favorite skill? ^AP","technical_issue, order_tracking",other_or_unclear,False,,
gold_0080,conv_322297,Sat Oct 07 13:05:40 +0000 2017,"Hi there @AmazonHelp 
I won a Gift card and I'm unable to add it in Amazon money! 
Please help",,@192780 Do you see any error ? Do keep us posted. ^HT,gift_card_promotion,gift_card_promotion,False,,
gold_0055,conv_2727984,Mon Nov 20 13:51:05 +0000 2017,"@AmazonHelp Just wanted to say well done to the Amazon Delivery Driver that managed to throw my parcel onto a first floor balcony, which was then left in the rain over night. You Sir, are a credit to the profession. #amazonprime",,"@764941 We'd like to look into this with you. When you have a moment, please contact us here: https://t.co/JzP7hlA23B ^KH",refund_request,other_or_unclear,False,,
gold_0197,conv_2408707,Tue Nov 14 15:43:14 +0000 2017,"Why is the service for #amazonprimevideo getting worse?  I used to be able to watch on my @125519 Blu-Ray, also my #Wii - but apps have vanished. Today it's having trouble playing on laptops. Is this @115821's underhanded way of getting us to spend $$$ on new devices?",,"@692615 I'm sorry to hear about the trouble. Without posting account information, are you seeing an error message? Also, does it meet these requirements: https://t.co/zQ4n9MUuip? ^LI",technical_issue,other_or_unclear,False,,
gold_0086,conv_641907,Wed Nov 22 20:25:51 +0000 2017,"@AmazonHelp hi, how do I get my postage and packing refunded if the parcel is late and doesn't arrive on the day I paid for?",,@272331 I'm sorry your parcel is late. We'd like to look into available options with you here: https://t.co/JzP7hlA23B ^VS,"refund_request, delivery_delay",return_request,False,,
gold_0119,conv_183248,Mon Oct 02 20:37:11 +0000 2017,@AmazonHelp my Prime delivery was due Sunday. Ordered Saturday.  Then I was told today. Still no delivery. If it’s lost I won’t get refund!,,"@159096 I'm sorry we missed our mark. We'd like to go over your options, please contact us here: https://t.co/JzP7hlA23B ^CO",refund_request,issue_with_received_item,False,,
gold_0110,conv_182540,Wed Oct 04 17:09:05 +0000 2017,@115821 I'm calling your customer service &amp; your customer service line keeps offering me discounts on random things I WANT TO TALK TO SOME1,,@158928 I'm sorry for the frustration! If you'd like you can reach us by phone or chat here: https://t.co/hApLpMlfHN ^AC,gift_card_promotion,other_or_unclear,False,,
gold_0134,conv_1830518,Wed Oct 18 04:55:32 +0000 2017,"@AmazonHelp 
Thanks amazon for sending me somebody's else return as a new unit. Seriously.. its still got the prepaid return label on there https://t.co/OIgwHB6Hp9",,@549309 Can you please get in touch with us here:  https://t.co/hApLpMlfHN ^CD,return_request,other_or_unclear,False,,
gold_0143,conv_846850,Fri Oct 20 14:24:29 +0000 2017,"@AmazonHelp hey .I was trying to purchase some books from Kindle store ,yet I received a message  advising me to update the location.",,"@321268 Hi! W/o providing personal or acct info, can you tell us which marketplace your Kindle is registered to? ^LB","technical_issue, order_tracking",other_or_unclear,False,,
gold_0034,conv_2429473,Tue Nov 14 19:53:14 +0000 2017,Thank God @115830 filled the box with extra paper packing.... would have been gutted if my new duvet had smashed in transit!,,"@697472 We are always looking ways to improve. You are welcome to provide packaging feedback via this link: https://t.co/ZEcZpFQelh
^SC",issue_with_received_item,other_or_unclear,False,,
gold_0019,conv_1251299,Thu Oct 26 04:10:15 +0000 2017,@115821 service is getting worse not better in the last few weeks. Tonight pkg says delivered NOT!! Called customer service. Overseas joke,,@413553 I'm sorry for the missing delivery. Have you tried these troubleshooting steps here: https://t.co/GKw3T7kpiK ^FJ,missing_delivery,delivery_delay,False,,
gold_0141,conv_2585569,Fri Nov 17 00:12:06 +0000 2017,wow amazon just charged me for a membership fee that i didn’t know i had 😭 time to kiss up to my dad,,"@732652 Hey, Angelica! Before you do that, let's see if we can help you out. Which membership did you have? ^BL",refund_request,account_prime,False,,
gold_0124,conv_150520,Fri Nov 24 15:29:49 +0000 2017,"Las botones de navegación de mí Kindle Oasis de vez en cuando no funcionan. La solución ofrecida por @117634 es

https://t.co/QznqZQ75WX

¿Cómo chingado puede ser «reiniciar el dispositivo» una solución?",,"@150328 Hola, reiniciar el dispositivo en muchas ocasiones puede ayudar a que algunos inconvenientes que presenta el mismo se solucionen rápidamente. Sin embargo si esto no soluciona tu incidencia puedes contactar con nuestro soporte al cliente: https://t.co/eJXKURvpr8. ^MZ",technical_issue,technical_issue,False,,
gold_0176,conv_1121639,Sun Oct 15 13:22:40 +0000 2017,@115830 Missed package delivery by 2mins and really needed it today! PLEASE can ask driver to redeliver today trackingID Q63029286413 🙏🏾🙏🏾,,"@384567 Oh no! We can't access your account via Twitter, but an agent here https://t.co/JzP7hlA23B can. They can discuss options. ^LB",order_tracking,delivery_delay,False,,
gold_0064,conv_2685346,Tue Oct 31 16:59:16 +0000 2017,"So my package from Amazon is coming from NJ... And it's now in East Petersburg, PA... but it's delayed because... https://t.co/1ADaXJ6l8h",,@755213 That's rather odd! Please give us a call here: https://t.co/hApLpMlfHN so we can take a look at this with you! ^TR,delivery_delay,other_or_unclear,False,,
gold_0084,conv_2887950,Tue Oct 31 18:04:23 +0000 2017,"Oh cheers, @115830 for putting my parcel in the bin with dirty nappies and dog shit 😡😷🙄 https://t.co/UbXrYy7Gl5",,"@757626 So sorry! For future deliveries, you can set your unattended preferences here: https://t.co/J5JwO0YmdK ^KJ",technical_issue,issue_with_received_item,False,,
gold_0149,conv_1200289,Wed Oct 25 04:43:07 +0000 2017,"@AmazonHelp When I had place the order that time this product is in big discount, now it is not...",@402019 I'm sorry for the trouble. Request you to place a new order and we will ensure the delivery. ^RW,"@402019 I understand your concern. However, once the order is canceled it can't be reinstated. I'd request you to place a new order. ^AP",gift_card_promotion,other_or_unclear,False,,
gold_0101,conv_231852,Wed Oct 04 07:44:07 +0000 2017,"@AmazonHelp @115850 
Hi, I have ordered RAM and now I want to return it. But, Product is not eligible for return.",,@171215 We'd like to check this out. Please contact our support team here: https://t.co/9mwpIdOzZn and we'll be sure to help you. ^ZH,return_request,other_or_unclear,False,,
gold_0156,conv_398787,Mon Oct 09 18:38:19 +0000 2017,"@AmazonHelp Hi, I have a problem with my order on amazon.it, as 1 item was missing, and another one was slightly damaged",,@210308 I'm sorry for this experience. Please reach out to our Customer Service here: https://t.co/e5twxQU28J. ^ST,issue_with_received_item,issue_with_received_item,True,,
gold_0073,conv_1668363,Mon Nov 06 11:48:19 +0000 2017,"@AmazonHelp The computer case I ordered arrived damaged, can I get the damaged part replaced without sending back the entire case?",,@508082 Hi. My apologies. Unfortunately we don't have the option to replace parts. Which Amazon site did you place the order on? ^DC,issue_with_received_item,issue_with_received_item,True,,
gold_0028,conv_1835815,Wed Oct 18 05:45:27 +0000 2017,@115850 @AmazonHelp today is the last day m available at the place...And tomorrow is the last day for return policy... I have registered return on 14th...What to do now?? #helpifuwill https://t.co/8SEDFBiSC3,,@306773 I'm sorry the item isn't picked yet. Kindly reply to the email received from us and we shall get back to you on this. ^SH,return_request,other_or_unclear,False,,
gold_0185,conv_182522,Thu Sep 28 18:00:15 +0000 2017,"Waste of a half day, arguing with two companies- who both took £100 for a gift card that doesn't work! Thanks @115830 @158926 https://t.co/M1bCUtrNiB",,@158925 Hello Fiona! I'm terribly sorry for any hassle with a Gift Card you had. Were we able to help resolve this for you? ^TM,gift_card_promotion,gift_card_promotion,True,,
gold_0113,conv_2940269,Wed Nov 29 13:21:29 +0000 2017,Is the @AmazonHelp reloadable gift card physical.I'm trying to understand the concept.,,"@564962 Hello Sharon, if you want to reload the gift card you do so by going to the website and purchasing an https://t.co/nUUp5MLhYl Balance Reload. More information can be found here:https://t.co/yoPNHzpUFX ^TE",gift_card_promotion,other_or_unclear,False,,
gold_0052,conv_2787720,Tue Nov 21 18:41:03 +0000 2017,"@115850 Dear Sir, my mobile number is - 8240849036.  Transaction could not complete but amount deducted on 20th 6:30 am.  Refund noney.",,"@778239 That's unusual. Please report this to our support team here: https://t.co/TdDksLo6Mf and we'll look into this. Also, please don't provide your details, we consider it personal information. Our Twitter page is visible to public.",refund_request,other_or_unclear,False,,
gold_0175,conv_2617312,Sun Nov 26 21:30:45 +0000 2017,"@116928 leo en la actualización de uno de mis pedidos que lo ""he devuelto"" cuando no lo he recibido ni hecho nada para esa actualización. ¿Alguna explicación coherente?",,@739726 Hola Tony. ¿Podrías informarnos si tu pedido es vendido por Amazon o por vendedor externo de nuestro sitio web? ^HC,technical_issue,other_or_unclear,False,,
gold_0005,conv_261681,Thu Oct 05 21:55:14 +0000 2017,"@AmazonHelp I have an order from March which is unopened, could I still return it? I’m assuming not but thought I’d ask 😂",,"@178317 I'm sorry, but returns generally have to be made within 30 days after they are received. ^TR",return_request,other_or_unclear,False,,
gold_0030,conv_1447153,Thu Nov 02 16:21:35 +0000 2017,Don’t know why @115830 have delivery drivers who don’t knock! Twice waited in &amp; they just dump the parcel on the doorstep 🤬 #thingstodo,,@455806 So sorry about the poor experience! Please contact us via phone/chat here: https://t.co/JzP7hlA23B so we may look into this. ^KL,,other_or_unclear,False,,
gold_0184,conv_1075379,Mon Oct 23 16:15:51 +0000 2017,"@115850 at receiving end for Amazon's fault to cancel my order for which __email__ agreed in email.Bouncing back&amp;forth bw ql, CS.WHY?",,@373719 I'm sorry for the trouble. I'd like to closely look into this. Please fill in this form: https://t.co/GIJyeYqKE0 1/2 ^MK,cancel_order,cancel_order,False,,
gold_0100,conv_1953622,Wed Nov 15 11:30:42 +0000 2017,"@AmazonHelp 
Dear team, I have recharged my Jio number on 9th Nov having cashback of Rs 99 but I have received cash back of only Rs 20.
I have confirmed through customer care before recharge and they have committed for cashback of Rs 99.",,"@485649 Sorry to hear that, Jitesh. Please drop in your details here: https://t.co/beaaDm0muc and we'll check this out for you. ^NK",refund_request,other_or_unclear,False,,
gold_0099,conv_2316643,Mon Nov 13 05:46:16 +0000 2017,"@AmazonHelp  Hi there, I would like to know your customer care email address. I need to send a scanned copy of courier receipt which I used to return my item
ORDER # 113-9946175-7467403",,"@671691 I get your concern regarding the return. You reach out to our support team here:https://t.co/vlvfJr4nN9 via email. Also, please  don't provide your order details, as we consider it to be personal information. Our Twitter page is public.​ ^EM",return_request,other_or_unclear,False,,
gold_0132,conv_1384075,Sat Nov 25 21:53:55 +0000 2017,Very disappointed with @115821. My order was supposed to come in today 😡😡😡,,@442102 We'd like to help. What does the most recent tracking information for your order state here: https://t.co/q4LAMZ3tbE? ^GG,technical_issue,delivery_delay,False,,
gold_0125,conv_1468341,Thu Nov 02 23:29:25 +0000 2017,#Amazon customer service and delivery awful. The delivery driver has stolen my product and it's my fault. Never again will I use Amazon,,"@460815 I'm sorry for the delivery issue! Without including account or personal details, please tell us more about what happened. ^EA",missing_delivery,missing_delivery,True,,
gold_0199,conv_891494,Fri Oct 20 22:40:58 +0000 2017,"Oye @116875, hay alguna forma de solicitar que mis pedidos no se envíen por @118923? Es el peor servicio de paquetería en México.",,@331691 Hola Memo. ¿Has tenido algún problema con algún pedido? Estamos para ayudarte. ^JJ,,delivery_delay,False,,
gold_0135,conv_1692622,Mon Nov 06 17:33:54 +0000 2017,@AmazonHelp What’s the latest time you would despatch the Xbox One X for delivery tomorrow? Mine is still stuck at ‘Not yet despatched’.,,"@146453 We aim dispatch in time for the order to arrive by the delivery date provided, unless we've notified you to explain otherwise. ^WJ",delivery_delay,delivery_delay,False,,
gold_0179,conv_518830,Sat Dec 02 01:55:57 +0000 2017,Pre ordered an album 3wks ago…on day of delivery @115821 decides to delay my order by 3wks 😤,,"@239702 I'm sorry for the wait! Has your order shipped yet? If so, what does the most up to date tracking information say? ^DW",delivery_delay,delivery_delay,False,,
gold_0121,conv_1625045,Sun Nov 05 18:03:26 +0000 2017,@115830 @122232. Are DPD now delivering Amazon parcels.? Poor performance. Disappointed birthday girl now has no present on her birthday,,@497673 I'm sorry for the delay! What does the tracking for the order state? You can find that here: https://t.co/aaDyEz1VgE ^TR,technical_issue,delivery_delay,False,,
gold_0035,conv_2866118,Tue Nov 28 00:01:55 +0000 2017,"@AmazonHelp Hey! So I was being charged for Prime on https://t.co/LMZE49jNVq and Amazon.ca simultaneously. Turns out I paid for multiple months on both, how do I get refunded for those months?",,@796055 We'd love to help! For the Prime membership on https://t.co/nUUp5MLhYl you may reach us here: https://t.co/65ZCirZXzo. For the Prime membership on Amazon.ca you may reach us here: https://t.co/xrW55e2Usg ^JA.,refund_request,refund_request,True,,
gold_0049,conv_2526212,Wed Nov 15 17:04:22 +0000 2017,"I had received msg that my add was not reachable, but I did not get single call from courier person, and this is not 1st time I had order, my Tracking #: 209121639049 @115850",,"@711151 Apologies for the mess. I’d like to help you, please share your details here: https://t.co/beaaDm0muc and we’ll contact you soon. 

Also, Please don't provide your order details, we consider it to be personal information. Our page is visible to the public. ^SU",order_tracking,delivery_delay,False,,
gold_0170,conv_2667990,Sun Nov 19 10:00:32 +0000 2017,@115850 of late you are sending fake delivery notification. This package has not been delivered which may kindly be noted. https://t.co/2fvLOhx6eA,,@751545 I apologize for the incorrect tracking update. Kindly contact our support team here: https://t.co/rS49hgaADF and we will assist you accordingly. ^VH,delivery_delay,delivery_delay,False,,
gold_0139,conv_594541,Sun Dec 03 18:18:58 +0000 2017,"Having been a loyal @115821 customer for over a decade it pains me to say their customer service and delivery have degraded to the point where I will not renew my prime, will not give amazon gift cards for the holidays and will do everything I can to tell others how bad they are",,"@221889 I'm sorry to hear about the poor experience! This isn’t the level of service we strive for, Stafford! 

Without sharing personal or account info, can you please elaborate on the situation so that we can better understand what's happening? We'd like to help if we can! ^KN",gift_card_promotion,other_or_unclear,False,,
gold_0150,conv_2394440,Tue Nov 14 11:46:57 +0000 2017,"@115850 very bad experience with #amazonpay I want to cancel my order and place another. Unlike @122951 , we don’t get money instantly. Worst unable to even cancel my order.",,@689332 We're sorry to know about the experience you've had with Amazon pay. We'd like check this and assist. Kindly reach out to our support team here: https://t.co/rS49hgaADF and we'll help you accordingly. ^MO,cancel_order,cancel_order,True,,
gold_0133,conv_2932804,Wed Nov 29 08:42:10 +0000 2017,@115821 INDIA. @1840. i HAVE ORDERED  TV AND PAYMENT DONE STILL NOT REACH LAST 20 DAYS. TRACKING NUMBER NOT ASSIGNED HOW TO TRACK COMPLAINT ALREADY CREATED.,,"@811053 Apologies for the delay in delivery of your order. We would like to help you, please drop in your details here: https://t.co/GIJyeYqKE0 and we will help you. ^AH",order_tracking,order_tracking,False,,
gold_0128,conv_1447941,Thu Nov 02 16:31:24 +0000 2017,"Trying to subscribe to Redmi Y1 @115850, looks like they want me to buy some other phone! Com'on guys I am a Xiaomi fan! @160663",,@456014 If not please click here:https://t.co/rS49hgaADF so that we can assist you accordingly. (2/2)^MN,account_prime,other_or_unclear,False,,
gold_0022,conv_2618083,Fri Nov 17 15:04:40 +0000 2017,".@AmazonHelp .@115821 I have been a prime member for years. Lately your two day shipping, is not arriving in 2 days. In the past month I've ordered 3 packages with 2 day shipping. 2/3 have not come in 2 days. What is going on? This is unacceptable.",,"@739890 Apologies, do you you know who the carrier was in each case? Have you contacted us about it? ^BD",delivery_delay,delivery_delay,False,,
gold_0082,conv_1658338,Mon Nov 06 04:23:23 +0000 2017,@115821 @4553 Had to file away paint to even make the legs fit &amp; now we see the seat damaged!!! https://t.co/9PKgo3hDFn,,@505963 Oh no! I'm sorry for the trouble! Available refund and replacement options can be found here: https://t.co/TqeeXT1TLq ^DW,issue_with_received_item,issue_with_received_item,False,,
gold_0078,conv_456584,Fri Dec 01 00:08:50 +0000 2017,Yeah... @115821 just left a bitter taste in my mouth after I was charged twice for no reason.,,"@223425 I'm sorry for the unexpected charged. I can definitely understand the frustration. Without providing any personal details, can you give us a bit more information regarding the charges?  ^FJ",refund_request,other_or_unclear,True,,
gold_0010,conv_278704,Fri Oct 06 06:58:11 +0000 2017,"@118919 404-9063352-8933925 this is my order no.I cancelled it soon after placing order. But i want refund, your customer supoout..",,"@182464 here: https://t.co/beaaDm0muc, we'll get back to you soon. Please don't provide your order details, (2/3)^AP",refund_request,return_request,False,,
gold_0083,conv_2538906,Thu Nov 16 10:02:49 +0000 2017,@116928 totalmente decepcionado llevo 3 dias esperando mi paquete y la respuesta es: si quiere su plata devuelta espere 7 dias mas por nuestra incompetencia,,"@422019 Hola Gio, lamentamos el atraso. ¿Podrías indicarnos si ya has contactado con la empresa transportista para verificar lo sucedido? ^VL",,delivery_delay,True,,
gold_0165,conv_1688709,Sat Nov 25 13:37:03 +0000 2017,"Ordered products on @115830 on Black Friday and it's already been delivered, give yourself a pat on the back, AMAZING SERVICE",,@512765 We have our game face on and ready to go! Enjoy your weekend!  ^FR,,other_or_unclear,False,,
gold_0120,conv_2923520,Wed Nov 29 02:26:35 +0000 2017,"So amazon said my order was confirmed, yet no money came out of my account. It said it's supposed to be here tonight but it's not. Cool.",,"@809021 We're here to help. When looking here: https://t.co/q4LAMZ3tbE, what does the status of the order state? ^GG",account_prime,other_or_unclear,False,,
gold_0090,conv_271585,Fri Oct 06 01:51:20 +0000 2017,Arrived broken but still cute! Wish they had packaged it better! Find it here: https://t.co/UKj5OWvaaQ  #ringengaged https://t.co/oh4FJmWltf,,@180810 I'm sorry your order arrived in this condition! Here are some options we have for this occurrence: https://t.co/PgX4Otjtbt ^GM,issue_with_received_item,issue_with_received_item,False,,
gold_0069,conv_1850950,Wed Oct 18 06:58:09 +0000 2017,@115830 Is tis how u treat ya prime membrs? Sadly Unqualified &amp; disrespectful CS agents!Expected beter than tht frm u amazon. #lostBdyGift https://t.co/Onk5NgC1iF,,@552503 I'm sorry to hear of the issue you've encountered. What advice did we offer? ^BM,,other_or_unclear,False,,
gold_0054,conv_800309,Thu Oct 12 15:11:52 +0000 2017,@115850 pickup return schedule on 2 sept still not arrived its 12th October today. it's disappointing how bad is your service.,,@310696 I'm sorry to know about the delay in pick up. Please reach out to us here: https://t.co/vlvfJr4nN9 we'd like to help. ^SG,"technical_issue, return_request",delivery_delay,False,,
gold_0091,conv_289059,Fri Oct 06 15:33:00 +0000 2017,@115830 apparently this was left in my “back shed” and not thrown on the damp grass!! AWFUL service!! https://t.co/I4UI47B1hS,,"@184874 I'm sorry about this, Philippa! That's not how we want our deliveries handled! Please contact us here:https://t.co/JzP7hlA23B ^FR",technical_issue,issue_with_received_item,True,,
gold_0095,conv_2520583,Thu Nov 16 01:19:11 +0000 2017,@115850 I still not received my order and on your website it showing delivered on 14nov17. Where is my order?,,"@717941 I'm sorry to here that, please contact us here: https://t.co/rS49hgaADF so that we can assist you accordingly. ^BA","technical_issue, order_tracking",missing_delivery,True,,
gold_0042,conv_412289,Tue Oct 10 00:51:50 +0000 2017,It's official. @115821 needs to STAY OUT of the courier business! 8 orders delayed/undelivered in 2 weeks! @81 @115817 @118706 still the best!,,@213371 We'd like to look into this. Please send us your details and any available information here: https://t.co/JUILhaXCgw ^LI,delivery_delay,delivery_delay,False,,
gold_0094,conv_1261843,Thu Oct 26 10:15:30 +0000 2017,All about the customer service tweets lately. @115821 package is late and I need it for my daughter’s trick or treat - tonight! #AmazonPrime,,"@415590 I'm sorry to hear this! Without sharing account info, what's the latest order status shown here: https://t.co/Y5jpI9gRhE ? ^TH",delivery_delay,delivery_delay,False,,
gold_0117,conv_1572909,Tue Oct 17 05:40:48 +0000 2017,@115850 if you do not want to sell product than why you take order. Y u automatically cancel my order. see order no. -402-5935458-8365942,,"@484857 I understand your concern, please contact us here: https://t.co/rS49hgaADF so that we can assist you accordingly. 1/2 ^SY",cancel_order,cancel_order,False,,
gold_0200,conv_324465,Sat Oct 07 15:04:27 +0000 2017,#Amazon @AmazonHelp What has happened to Amazon Prime deliveries. Should be next day. Now had 3 where either not arrived or are delayed,,@193292 We don't want to let you down! Have we missed our expected delivery date here: https://t.co/aaDyEz1VgE ? ^JE,"technical_issue, delivery_delay",delivery_delay,False,,
gold_0158,conv_2511192,Mon Oct 30 05:11:11 +0000 2017,"@115850 had ordered combo essential oil pack. One has broken seal,customer care number is getting disconnected automatically. Help here",,@715769 Sorry for the trouble you've had with the order. You may reach out to our support team 1/2 ^MM,issue_with_received_item,issue_with_received_item,True,,
gold_0026,conv_2983159,Mon Nov 20 09:21:05 +0000 2017,"From last 4 days I am getting
""Out for delivery message""
Think its better i cancel my order &amp; buy stuff from store nearby @115850 https://t.co/mmiZfcapIQ",,"@822634 Sorry to know your order isn't delivered yet, Aakash. We'd like to check and assist. Please reach out to us, here: https://t.co/vlvfJr4nN9. ^YP",cancel_order,delivery_delay,False,,
gold_0181,conv_340891,Sun Oct 08 00:38:10 +0000 2017,"Hey, @117093, my delivery person walks right past old ones when dropping off the new ones. Don't really have the room to store these. https://t.co/5lrYKJ5lUD",,@197437 I'm sorry this happened! We'd like to help schedule a tote pick up for you here: https://t.co/3xhxw1QTG3 ^AC,,delivery_delay,False,,
gold_0148,conv_2269349,Sat Nov 11 08:57:12 +0000 2017,@115850 .. fraudulent..the package which I didn't received... although m getting message it has been delivered to customer..then they said it's lost..are you making fool of customers https://t.co/wfuj502Gth,,@660363 Please provide the details. We will check and connect with you accordingly ^RW,missing_delivery,missing_delivery,True,,
gold_0075,conv_180521,Wed Oct 04 12:16:14 +0000 2017,"Had to cancel my order today from @116090 2 day shipping item still not shipped, horrible experience with the CSR. @AmazonHelp",,@158447 Were you advised as to what was caused the delay? ^KM,cancel_order,delivery_delay,False,,
gold_0059,conv_1770526,Wed Nov 08 00:48:20 +0000 2017,@AmazonHelp I can't login to my account even after changing my password. I think it's on hold for a security concern? I can't chat for help since I'm not logged in Please help!,,"@532254 We're here to help, Becca! Have you received an e-mail from our account specialists recently? Please let us know! ^FD",account_prime,technical_issue,False,,
gold_0153,conv_2715894,Mon Nov 20 05:25:15 +0000 2017,"@AmazonHelp you should definitely check this one: https://t.co/BO9nGaI4kZ  And, that is certainly possible as even I get delivery confirmation notification first and delivery a or two day late.",,@762370 Sorry to know that you're facing trouble with the delivery of your orders. Kindly report this to our support team here: https://t.co/vlvfJr4nN9 and we'll get it check for you. ^SY,delivery_delay,delivery_delay,False,,
gold_0018,conv_851632,Fri Oct 20 14:46:28 +0000 2017,@115850 can u pls update delivery status of details attached? No update for entire day. https://t.co/FgKkg1weWN,,@214979 Sorry about the stretch. Please report that here: https://t.co/HQhpS2qeEd and we'll get this sorted out. ^MS,order_tracking,order_tracking,False,,
gold_0050,conv_381936,Wed Sep 27 04:56:45 +0000 2017,"Too many times now, my prime orders have been delayed, @115850! Your reliability is becoming questionable.
#AmazonPrime",,@206566 Apologies for the ordeal. Please let us know if you need assistance with any of your current orders. (1/2) ^GS,delivery_delay,delivery_delay,False,,
gold_0093,conv_2823958,Mon Nov 27 09:00:08 +0000 2017,@115821 how is it possible that my orders have a different delivery address’ on the box and on the website??,,"@786822 We would like to help you out with this, can you please give us a bit more info on what is happening with your orders. Thanks. ^SM",technical_issue,other_or_unclear,False,,
gold_0076,conv_1415572,Thu Nov 02 02:27:09 +0000 2017,"@115821 please stop using @3375   Seems like they are late every single time!!! It’s pathetic! FedEx or ups is fine, fire ontrac!",,@448965 I'm sorry for the poor experience! Are you having an issue with a current order: https://t.co/Y5jpI9gRhE? ^JP,delivery_delay,delivery_delay,False,,
gold_0142,conv_2877700,Tue Nov 28 07:09:31 +0000 2017,"Terrible service from @115830 

Placed an order on a Black Friday deal. They with no warning cancel the order and issue a refund due to “account adjustment” and tell me if I still want it to reorder at the now higher price!",,@798771 I'm so sorry for the frustration with this order! We'd like to take a look into this. Please reach out to us via phone or chat here: https://t.co/JzP7hlA23B. ^DG,"refund_request, account_prime",other_or_unclear,True,,
gold_0021,conv_317897,Sat Oct 07 09:14:03 +0000 2017,@AmazonHelp I brought something on amazon on the 6th September and I have been charged twice since and been sent the same product twice,,@191863 Strange - did you request a replacement - or was the order duplicated ? Pls check here:  https://t.co/aaDyEz1VgE ^TD,refund_request,return_request,False,,
gold_0097,conv_1271143,Tue Oct 17 12:01:30 +0000 2017,@115850 trying to return a product from past 3 days.. took leave and didn't plan anything as the Amazon person may come to collect it..,,@417611 I’d like to help you on this; please fill this form: https://t.co/beaaDm0muc and I’ll contact you soon. ^SY,return_request,gift_card_promotion,False,,
gold_0032,conv_2398285,Tue Nov 14 13:07:31 +0000 2017,"Update: my mom said she saw UPS drive by around sunset and didn’t tell me, I’ll never doubt you again mighty @115821 https://t.co/bZ5iGul9xh",,@690204 That's lovely to hear 😊 ^ES,order_tracking,other_or_unclear,False,,
gold_0138,conv_344111,Sun Oct 08 01:14:36 +0000 2017,When your @115821 and @501 packages get stolen #blessed #wheresthewine,,"@197845 Oh no! Take a look over these tips: https://t.co/yDN1ACY3xB. If you still can't find it, please let us know. ^MB",missing_delivery,other_or_unclear,False,,
gold_0118,conv_2547070,Thu Nov 16 13:54:19 +0000 2017,Isne bhi friend zone kar diya 😂 #alexa #AmazonAlexa https://t.co/AWrfUru0PA,,@723881 Maybe you should spend some more time with her to win her heart! 😉 ^VN,technical_issue,other_or_unclear,False,,
gold_0012,conv_2457836,Wed Nov 15 05:18:19 +0000 2017,goodnight to everyone except amazon for not shipping my order when I paid for 2 day shipping,,@703964 I'm sorry you haven't yet received your order. We're here to help! Please let us know what the most current shipping information says: https://t.co/MIDRGBgTHx  ^SE,,delivery_delay,False,,
gold_0068,conv_2238686,Sun Nov 26 14:52:26 +0000 2017,"@115830 hey, just wanted to say thanks for my clearly second hand, broken item I received today 😎",,@652757 oh no! I'm sorry the item wasn't as expected! Let's look into return or replacement options here: https://t.co/DWb9gnaQge ^ZW,issue_with_received_item,issue_with_received_item,True,,
gold_0089,conv_2791946,Tue Nov 21 20:43:37 +0000 2017,"@AmazonHelp hey, I just got my package that I bought off Amazon. And I opened up the box and the product I ordered isn't inside. It's just an empty box.",,@779204 I'm very sorry you didn't receive you product! We'd like to take a look into this in real-time. Please reach out to us through phone or chat here: https://t.co/hApLpMlfHN,missing_delivery,issue_with_received_item,True,,
gold_0092,conv_2913216,Tue Nov 28 22:15:54 +0000 2017,@AmazonHelp I am again let down by amazon!! No mattress delivered today! I have to go buy one tomorrow as I can’t wait for another one to be delivered!! Been told this is refunded but I’m not convinced!! https://t.co/g6HCDe7ia3,,"@438014 I can certainly understand your frustration and I'm sorry for the poor experience. You can confirm the status of your refund here: https://t.co/6lGJPsrE0O. Please note, your refund may take  5-7 business days to process. ^CL",refund_request,delivery_delay,False,,
gold_0025,conv_2728067,Mon Nov 20 13:47:56 +0000 2017,If @178  will not release due to protesting people of India; will it be coming on Amazon prime??? Quite excited for movie but sad after hearing the release delay. :(@119625,,@764951 We haven't made any announcement on it yet. Kindly stay tuned to Amazon Prime Video. ^YP,delivery_delay,other_or_unclear,False,,
gold_0098,conv_1843553,Sun Nov 26 07:48:35 +0000 2017,@115821 not getting my prime membership benefits. 2 day shipping arrival taking longer than it should.,,"@552381 Hello, I am sorry to hear this. Are you expecting a parcel that has been delayed? We certainly would like to help if possible. ^CR",account_prime,account_prime,False,,
gold_0183,conv_853894,Fri Oct 13 13:19:46 +0000 2017,@AmazonHelp Why are two of my orders being cancelled due to being 'damaged in transit and will not be delivered' - you have taken the money.,,@227727 Oh no! That's not good! We'd like to look into this w/ you. Please reach us via phone/chat here: https://t.co/JzP7hlA23B^KP,issue_with_received_item,refund_request,True,,
gold_0191,conv_1132043,Tue Oct 24 12:14:31 +0000 2017,"@117086 meu amor!!!!! Temos que ver um serviço de entrega rápido nesse Brasil, pq a gnt fica mt ansioso pra chegar os livros",,@386756 Olá Alisson! ❤ No momento tem um pedido pendente de entrega? ^DA,,other_or_unclear,False,,
gold_0087,conv_791568,Thu Oct 12 12:33:33 +0000 2017,Well I did wanna join @115821 prime but for some dumb ass reason I'm locked out my account waiting for a email nice @115821,,@308746 Sorry to hear. Did you check your spam/junk folder? ^PK,account_prime,account_prime,False,,
gold_0182,conv_2309693,Fri Nov 10 19:31:50 +0000 2017,"@116090 I am moving to Mexico, can i switch my prime account to Mexico?",,@669896 Thanks for reaching out! Unfortunately at this time you may not transfer or assign your Prime membership or any Prime benefits. You can learn more about this here: https://t.co/B6H0DdV1Bi ^TH,account_prime,other_or_unclear,False,,
gold_0040,conv_759771,Wed Oct 11 19:42:23 +0000 2017,UPDATE : @120533 me revoit mon livre vendredi 🙌🏻,,"@298742 C'est parfait, je vous remercie d'avoir pris le temps de nous tenir informés. Bonne reception d'avance.  👍^RA",order_tracking,other_or_unclear,False,,
gold_0169,conv_288178,Wed Oct 11 09:47:07 +0000 2017,@115850 why don't u release name of winner in app,,@171090 I'll surely pass on your feedback to the concerned team internally. ^HN,technical_issue,other_or_unclear,True,,
gold_0088,conv_102927,Thu Nov 30 18:03:50 +0000 2017,"This is the nightmare that @AmazonHelp has become. No Help and They Hang Up On You. Wow, @115851 are you watching these idiots destroy your company? https://t.co/IYKKf34Mfo",,"@138638 This isn't at all the experience we strive to provide, I'm truly sorry for any inconvenience caused! Please, give us another chance via phone or chat here: https://t.co/hApLpMlfHN We're here to help! ^JE",,other_or_unclear,True,,
gold_0186,conv_2369682,Mon Nov 13 23:45:29 +0000 2017,"According to this message that just popped up on my Samsung, @115821 @15838 is giving away gift cards and iPhones and PlayStations. Just answer 4 questions (but hurry, only a few prizes left)
[Disclaimer: this is a scam, but the screenshot is real] https://t.co/4nyx6dj691",,@683854 Thank you for bringing this to our attention! You can learn more about phishing attempts and how to report them here: https://t.co/CQZDSVTM82 ^ME,gift_card_promotion,other_or_unclear,False,,
gold_0041,conv_2873997,Tue Nov 28 04:25:21 +0000 2017,When you come home expecting a package from Amazon only to find out it’s now delayed two days 🙁 and it has an adapter in it you need today 😟,,"@797893 Eva, this is not the experience we wanted you to have! Has a tracking number and carrier been assigned to the package: https://t.co/Y5jpI9gRhE? ^SY",delivery_delay,delivery_delay,False,,
gold_0002,conv_1534369,Fri Nov 03 23:46:28 +0000 2017,"Unbelievable @AmazonHelp I ordered a $1500+ tv and it was delieved broken, TWICE. As a prime customer this is unacceptable",,@475844 I'm sorry for the trouble! We'd love to help and see what our options are. Please reach us here: https://t.co/hApLpMlfHN ^LR,issue_with_received_item,issue_with_received_item,True,,
gold_0072,conv_2531365,Mon Oct 30 11:00:40 +0000 2017,@AmazonHelp I emailed but haven’t heard anything. I’ve been charged twice for a kids kindle fire! Please advise,,"@720486 Hi, we usually charge when the order dispatches, is it possible you are seeing an authorisation:https://t.co/C5227Xaf91. ^JJ","technical_issue, refund_request",refund_request,True,,
gold_0151,conv_2017556,Wed Nov 08 07:53:19 +0000 2017,@AmazonHelp I bought an ebook 2 days ago and just found out that the price has just dropped. Can I return the one I got and get it again at the current lowered price?,,"@596664 Hey. If you haven't started reading, then you should have an option to cancel. Can you see an option to cancel this? ^TP",return_request,return_request,False,,
gold_0115,conv_1275026,Mon Oct 16 07:34:19 +0000 2017,"@115850 
My order #408-2638784-9394763 was for 2 pcs of Pop sockets. Recvd only 1 pc
Pls refund or send me d pending item
#CustomerService",,@418462 We're sorry for the incomplete order. Please contact us here: https://t.co/vlvfJr4nN9 and we'll help you. (1/2) ^ZH,refund_request,issue_with_received_item,True,,
gold_0057,conv_2300524,Sun Nov 12 16:50:49 +0000 2017,@115821 when will you upgrade the mobile site to allow kindle gift purchases? Doesn't work on @115858 or @125607,,@667700 You can leave feedback at __email__ ^AF,technical_issue,other_or_unclear,False,,
gold_0108,conv_2497907,Mon Oct 30 02:44:54 +0000 2017,"@116439  @131187  is your app being updated or what’s going on? I can’t watch Big Bang theory, the app keeps freezing and that’s 😨",,@712781 I'm sorry for the trouble! Have you tried these helpful troubleshooting steps: https://t.co/GOIHd4g4sC? ^EB,"technical_issue, order_tracking",technical_issue,False,,
gold_0192,conv_2349507,Mon Nov 13 16:37:28 +0000 2017,"@AmazonHelp @115850 Product not delivered to me but on your app / site, it says product delivered. Please resolve asap. I am a prime customer.",,@679139 I'm sorry for the incorrect tracking scan. We'd like to investigate the issue and assist you with it. Please report it to our support team here: https://t.co/vlvfJr4nN9 and we'll have this resolved at the earliest. ^KH,technical_issue,missing_delivery,True,,
gold_0167,conv_2406934,Tue Nov 14 15:03:32 +0000 2017,@115821   I have a problem in my cart I have a laptop the Dell INSPIRON NOW I WANT to purchase I need to make payments can I do this????,,"@692200 I'm sorry for the problem you're experiencing. Unless there is an option on the product detail page for making payments, you would need to sign up for an Amazon Visa or Store Card to be able to make payments on a purchase. ^VF",,cancel_order,False,,
gold_0051,conv_1212676,Wed Oct 25 12:24:53 +0000 2017,"@AmazonHelp Part of the content of my parcel was stolen on Amazon.it, what do I have to do? also sent private text. Thank you",,@402716 We answered you here: https://t.co/VAkgSp4l3q. ^FS,missing_delivery,other_or_unclear,True,,
gold_0144,conv_166478,Fri Nov 24 20:06:31 +0000 2017,"Youhou on m'a envoyée un cadeau d'anniversaire qui est indiqué ""livré dans la boîte aux lettres"" et surprise ya rien ! Hum ? @120533 @132988 ☹️☹️",,"@154666 Bonsoir, je suis sincèrement désolée pour cela, connaissez-vous le nom du transporteur ayant pris en charge la livraison je vous prie ? 
^KE",,issue_with_received_item,True,,
gold_0198,conv_505918,Fri Dec 01 20:47:49 +0000 2017,"@115830 Question: I have a UK prime account &amp; I rented a video. if I am traveling, can I watch it outside of the UK?",,"@236048 Currently Amazon Videos can only be purchased and downloaded within the UK. However, you can find videos available to watch abroad here: https://t.co/N7CKEZTIGh ^VS",account_prime,other_or_unclear,False,,
gold_0155,conv_1103615,Mon Oct 23 23:52:56 +0000 2017,@AmazonHelp this is the second time I got the wrong item labeled as the one I ordered https://t.co/cyfGOotGb2,,"@380431 Oh goodness, I'm sorry for the mix-up! Have you had the chance to report this to us? Reach us here: https://t.co/CYqkdUakWJ ^GM",issue_with_received_item,issue_with_received_item,True,,
gold_0130,conv_137145,Fri Nov 24 09:36:32 +0000 2017,"@AmazonHelp one day delivery should mean one day delivery not order on Friday and get it on Monday, if that’s what it is it should be worded as one working day delivery.",,"@146928 Hi Stuart, have you checked if you have selected ""I am able to accept packages on Saturdays and Sundays"" If this is not selected, this is the reason why your order will be arriving Monday. Please check here via this link: https://t.co/6rQwDaxP8Y. ^JC",,delivery_delay,False,,
gold_0060,conv_1319904,Fri Oct 27 08:22:21 +0000 2017,@115850 Please process my refund...Its almost a month now Order ID 408-8894703-4175531 #AmazonIN #RefundPlease,,@428206 Apologies for the delay in the refund. May I know if you've reported this to our support team? ^EM,refund_request,refund_request,True,,
gold_0056,conv_782461,Thu Oct 12 07:02:36 +0000 2017,"@115850 Hi , Still haven't received refund. Worst service amazon. https://t.co/8drkXVKbnX",,@306780 I'm sorry for the trouble. Kindly connect with our support team here: https://t.co/2t6DQoUmNZ for assistance. ^RW,refund_request,refund_request,True,,
gold_0024,conv_2265633,Sat Nov 11 04:28:05 +0000 2017,.@115850 cannot find how to cancel my order which I accidentally placed today. Cancel button missing from dashboard. Order# 171-2739240-6461133,,"@189994 Kindly contact our team here: https://t.co/vlvfJr4nN9 and we'll help you. Also, please don't provide your order details, as we consider them to be personal information. Our page is visible to the public.",cancel_order,cancel_order,False,,
gold_0008,conv_387125,Mon Oct 09 13:32:44 +0000 2017,@AmazonHelp ORDER # 206-2798219-1329933 money taken no product delivered. money back please. i have emailed the vendor but nothing back,,"@207639 Oh no! Sorry to hear about this, Graeme. We'd love to help! When did you email the vendor about this mishap? Pls let us know! ^JD",refund_request,refund_request,True,,
gold_0009,conv_74654,Mon Nov 27 16:10:37 +0000 2017,@115821 I’m really disappointed with the delivery service for my orders around Oct.30 #superlate #IhavePrime #Why?,,@132717 I'm sorry for the wait! Have we missed the delivery date provided in your order confirmation e-mail? ^BG,"technical_issue, delivery_delay",other_or_unclear,False,,
gold_0109,conv_910349,Fri Oct 13 19:25:35 +0000 2017,"@115830 going mad! Paying for prime, neither app lets me buy or watch! No troubleshooting helps! About to cancel! 😡grrrrrrr",,"@336235 Oh no, Anna! Have you tried uninstalling and re-installing the app? Do you have the latest update? Let us know! ^SK",technical_issue,cancel_order,False,,
gold_0152,conv_273875,Fri Oct 06 04:15:28 +0000 2017,@115850 i load money on amazonpay &amp; have some shopping But i didn't receive any cashback  and ur customer care disconnect my call.,,@181443 Apologies for any inconvenience. We're responding to your query via DM. Would request you to have a look at it. ^AB,missing_delivery,other_or_unclear,False,,
gold_0023,conv_386158,Mon Oct 09 12:33:35 +0000 2017,"@AmazonHelp @115850 
I have requested an order to return...
But delivery boy didn't picked it up and cancel return process...
What to do",,@207424 We're responding to your concern via DM. Kindly refer. ^VN,return_request,return_request,False,,
gold_0140,conv_595720,Sun Dec 03 18:56:44 +0000 2017,"Just got an email asking me for feedback on the stuff I ordered from @116090 last week.  They really didn't have an option for ""I don't know because Amazon f***ed up my 'guaranteed 2-day delivery' and I'm still waiting for it five days later"".  cc: @AmazonHelp  #NotImpressed",,@231096 I'm sorry for the wait! This isn't the kind of experience we want you to have! What's the current status of your order here: https://t.co/PyACxvY8Qo? ^WT,delivery_delay,delivery_delay,False,,
gold_0174,conv_271947,Fri Oct 06 02:47:37 +0000 2017,@115850 is a scam. guys dnt buy anythng.Order# 402-3599367-0413123 got empty box now they re not willing to help. see hw dey fool people. https://t.co/xoPmlmxVkq,,@180891 We've responded to your query via DM. Kindly check. 1/2 ^PS,missing_delivery,issue_with_received_item,True,,
gold_0027,conv_2881905,Tue Nov 28 09:11:56 +0000 2017,"@AmazonHelp How do I see my messages? Need to send some photos to a seller since they requested them, (defective product) but unsure if attaching them to an email would work.",,"@799632 Attaching pictures in a reply to the messages you have received should work. However, you can also contact the seller through our online communications manager. You can find instruction here: https://t.co/UvKNLMfwEB",issue_with_received_item,issue_with_received_item,True,,
gold_0189,conv_1595354,Sat Nov 04 21:38:16 +0000 2017,@115830 you guaranteed a delivery which hasn't arrived. Now your customer service is poor to say the least.,,@490182 I'm so sorry for this delay. Let us look into this further by using this link: https://t.co/JzP7hlA23B ^DO,delivery_delay,delivery_delay,False,,
gold_0036,conv_2984429,Mon Nov 20 20:25:01 +0000 2017,"@115850 No doubt U r purposely delaying delivery of orders so that people should buy Ur prime membership. FYI U failed to deliver on time, disappointed with Ur services would think twice before recommending Ur site to friends &amp; family
Reaching out to your CC team is pain in ass",,@822967 I'm sorry about the delay. Kindly share your details here: https://t.co/GIJyeYqKE0 and I'll look into this. ^SG,"technical_issue, delivery_delay, account_prime",delivery_delay,False,,
gold_0058,conv_98789,Sun Nov 19 10:50:50 +0000 2017,"@AmazonHelp @115850 @115851 doing fraud.
Sending currior with same agent &amp; its delayd always.When call,Promise of action but no action.",,@137623 Sorry for such experience. We'd like to look into the issue and help you.  Please fill this form: https://t.co/beaaDm0muc and we’ll contact you soon. ^RI,delivery_delay,delivery_delay,False,,
gold_0063,conv_1485753,Fri Nov 03 03:38:35 +0000 2017,@117795 so I cancelled my subscription like months ago and money is still being taken from my account I never use amazon,,@465026 I'm sorry for the trouble! We would love to help you with the issue via phone or chat here: https://t.co/JzP7hlA23B ^LM,account_prime,refund_request,True,,
gold_0071,conv_578403,Sun Dec 03 10:09:56 +0000 2017,@AmazonHelp its very upsetting to say that order delivered is broken and above all its customer responsibility to deliver back. No pickup.,,@256159 Apologies for the inconvenience you had faced with the delivered order. Has this been escalated to our support team yet? You may connect with the team from the link here: https://t.co/TxK11znixD and we would do the needful to help. ^KK,issue_with_received_item,issue_with_received_item,True,,
gold_0190,conv_529065,Sat Dec 02 09:09:22 +0000 2017,"To the @115821 driver that stole my package: know that I will be sending video proof of you snatching one of my already delivered boxes from my front porch. Also, I hope that the stolen Jesus statue in that box makes you a better Christian person. Merry fucken Xmas!",,"@242505 Hi, sorry to hear about this. We would like to help you further, can you click the following link and send on your details and we will update you:https://t.co/R55eEQfhfS.^BZ",missing_delivery,missing_delivery,True,,
gold_0007,conv_1506304,Mon Nov 20 06:14:08 +0000 2017,"I would really like the option to pick who delivers my @115821 shipments. Weekend deliveries from independent drivers are great in theory, except they routinely flake and don’t show up. Promised delivery dates are almost always missed, so why offer it?",,"@469575 Have we missed a recent delivery, Mike? We're here to help! Please let us know what happened, without revealing account information. ^SE",,delivery_delay,False,,
gold_0029,conv_2467916,Sat Nov 25 22:52:18 +0000 2017,"@115821 I have credit card statements with multiple unauthorized Amazon charges that aren't being made from my account. I believe it may be a family member, is there a way for me to find out?",,"@669974 Hi there, I'm sorry to see this! We can investigate the unauthorized charges with you in real time here: https://t.co/hApLpMlfHN ^DW","refund_request, account_prime",refund_request,True,,
gold_0164,conv_2279471,Sat Nov 11 19:24:05 +0000 2017,@AmazonHelp I can't log into my Amazon card account! I tried to reset my password and says my name isn't found!,,@658888 I'm sorry for the troubles with the account. Please reach out to the issuing bank of your card here: https://t.co/aWcIjXs4UO ^VS,account_prime,account_prime,False,,
